{
  "model_config": {
    "layer_name": "block3/conv2/relu",
    "mode": "multi-label",
    "version": "v1",
    "n_concepts": 11,
    "concepts": [
      "discovered_attack",
      "exposed_king",
      "fork",
      "initiative",
      "mating_threat",
      "outpost",
      "passed_pawn",
      "pin",
      "sacrifice",
      "skewer",
      "weak_square"
    ],
    "training_date": "2025-11-02T09:05:14.954529"
  },
  "training_info": {
    "data_path": "data/processed/async_100_positions_llm_refined_concepts.jsonl",
    "n_train": 250,
    "n_test": 63,
    "test_split": 0.2,
    "random_seed": 42,
    "training_params": {
      "verbose": false,
      "n_jobs": -1
    }
  },
  "performance": {
    "baseline": {
      "hamming_loss": 0.16305916305916307,
      "exact_match": 0.06349206349206349,
      "per_concept": {
        "discovered_attack": {
          "accuracy": 0.9682539682539683,
          "f1": 0.0,
          "support": 2
        },
        "fork": {
          "accuracy": 0.7619047619047619,
          "f1": 0.11764705882352941,
          "support": 9
        },
        "initiative": {
          "accuracy": 0.8571428571428571,
          "f1": 0.0,
          "support": 5
        },
        "mating_threat": {
          "accuracy": 0.5873015873015873,
          "f1": 0.1875,
          "support": 13
        },
        "outpost": {
          "accuracy": 0.9682539682539683,
          "f1": 0.0,
          "support": 2
        },
        "passed_pawn": {
          "accuracy": 0.8888888888888888,
          "f1": 0.0,
          "support": 6
        },
        "pin": {
          "accuracy": 0.5873015873015873,
          "f1": 0.35,
          "support": 19
        },
        "sacrifice": {
          "accuracy": 0.746031746031746,
          "f1": 0.2,
          "support": 8
        },
        "skewer": {
          "accuracy": 0.9523809523809523,
          "f1": 0.0,
          "support": 3
        },
        "weak_square": {
          "accuracy": 0.9047619047619048,
          "f1": 0.0,
          "support": 3
        }
      }
    },
    "probe": {
      "hamming_loss": 0.11255411255411256,
      "exact_match": 0.23809523809523808,
      "per_concept": {
        "discovered_attack": {
          "accuracy": 0.9682539682539683,
          "f1": 0.0,
          "support": 2
        },
        "fork": {
          "accuracy": 0.873015873015873,
          "f1": 0.3333333333333333,
          "support": 9
        },
        "initiative": {
          "accuracy": 0.9047619047619048,
          "f1": 0.0,
          "support": 5
        },
        "mating_threat": {
          "accuracy": 0.6825396825396826,
          "f1": 0.23076923076923078,
          "support": 13
        },
        "outpost": {
          "accuracy": 0.9682539682539683,
          "f1": 0.0,
          "support": 2
        },
        "passed_pawn": {
          "accuracy": 0.9206349206349206,
          "f1": 0.4444444444444444,
          "support": 6
        },
        "pin": {
          "accuracy": 0.6349206349206349,
          "f1": 0.41025641025641024,
          "support": 19
        },
        "sacrifice": {
          "accuracy": 0.8888888888888888,
          "f1": 0.36363636363636365,
          "support": 8
        },
        "skewer": {
          "accuracy": 0.9523809523809523,
          "f1": 0.0,
          "support": 3
        },
        "weak_square": {
          "accuracy": 0.9682539682539683,
          "f1": 0.5,
          "support": 3
        }
      }
    }
  },
  "dependencies": {
    "sklearn": "unknown",
    "python": "3.13.9",
    "lczerolens": "0.3.3",
    "torch": "2.9.0"
  }
}